{"offline_id": "eb76803b7769462db80d74cbe0e4cdd5", "project_name": "yolov5", "start_time": 1709860745994, "stop_time": 1709861629313, "tags": [], "workspace": null, "resume_strategy": "create", "customer_error_reported": true, "customer_error_message": "Unexpected error detected in the user script: Exception(\"\\x1b[34m\\x1b[1mtrain: \\x1b[0mError loading data from ['/usr/users/space_lys/yolov5_SourceCode/yolov5-master/NEU-DATA/images/train']: \\x1b[34m\\x1b[1mtrain: \\x1b[0m/usr/users/space_lys/yolov5_SourceCode/yolov5-master/NEU-DATA/images/train does not exist\\nSee https://docs.ultralytics.com/yolov5/tutorials/train_custom_data\")"}