{"offline_id": "9ef35de6f9b5441f963e2d249f30cca8", "project_name": "yolov5", "start_time": 1709629073270, "stop_time": 1709629083377, "tags": [], "workspace": null, "resume_strategy": "create", "customer_error_reported": true, "customer_error_message": "Unexpected error detected in the user script: OutOfMemoryError('CUDA out of memory. Tried to allocate 20.00 MiB. GPU 0 has a total capacty of 11.76 GiB of which 15.12 MiB is free. Process 884240 has 5.42 GiB memory in use. Process 885928 has 5.40 GiB memory in use. Including non-PyTorch memory, this process has 904.00 MiB memory in use. Of the allocated memory 55.69 MiB is allocated by PyTorch, and 14.31 MiB is reserved by PyTorch but unallocated. If reserved but unallocated memory is large try setting max_split_size_mb to avoid fragmentation.  See documentation for Memory Management and PYTORCH_CUDA_ALLOC_CONF')"}