{"offline_id": "5d89527aaad641e0b06091e87ecdbf11", "project_name": "yolov5", "start_time": 1711505865462, "stop_time": 1711505867152, "tags": [], "workspace": null, "resume_strategy": "create", "customer_error_reported": true, "customer_error_message": "Unexpected error detected in the user script: RuntimeError('CUDA error: out of memory\\nCUDA kernel errors might be asynchronously reported at some other API call, so the stacktrace below might be incorrect.\\nFor debugging consider passing CUDA_LAUNCH_BLOCKING=1.\\nCompile with `TORCH_USE_CUDA_DSA` to enable device-side assertions.\\n')"}